filename,width,height,class,xmin,ymin,xmax,ymax
armas (1).jpg,240,145,handgun,2,1,128,102
armas (1).jpg,240,145,handgun,122,47,240,142
armas (10).jpg,1300,913,handgun,418,98,708,344
armas (100).jpg,450,300,handgun,182,143,287,248
armas (101).jpg,1000,1620,handgun,169,171,345,500
armas (102).jpg,1280,720,handgun,294,123,703,394
armas (103).jpg,450,300,handgun,105,77,211,151
armas (104).jpg,450,300,handgun,90,107,184,173
armas (105).jpg,996,1620,handgun,168,551,729,966
armas (106).jpg,1300,866,handgun,439,188,580,326
armas (107).jpg,156,235,handgun,31,59,87,129
armas (108).jpg,1500,1120,handgun,838,151,1072,484
armas (109).jpg,685,1024,handgun,20,203,216,508
armas (113).jpg,928,1300,handgun,508,347,641,712
armas (114).jpg,156,235,handgun,53,51,76,80
armas (115).jpg,680,1024,handgun,161,388,244,522
armas (117).jpg,113,168,handgun,22,69,53,99
armas (118).jpg,1300,866,handgun,120,230,472,703
armas (119).jpg,1300,919,handgun,97,391,1153,729
armas (12).jpg,315,450,handgun,23,169,89,246
armas (120).jpg,450,300,handgun,60,153,133,290
armas (121).jpg,660,440,handgun,442,157,584,254
armas (122).jpg,1300,1300,handgun,46,498,512,729
armas (124).jpg,1496,1620,handgun,259,263,1086,883
armas (127).jpg,450,301,handgun,136,66,195,111
armas (128).jpg,640,360,handgun,303,147,375,214
armas (129).jpg,299,450,handgun,149,204,281,353
armas (13).jpg,1300,906,handgun,196,269,791,532
armas (130).jpg,450,300,handgun,116,64,233,178
armas (131).jpg,1500,1120,handgun,267,328,606,817
armas (132).jpg,1300,866,handgun,6,250,511,747
armas (137).jpg,168,133,handgun,72,52,116,94
armas (138).jpg,156,235,handgun,41,124,102,200
armas (139).jpg,1500,1277,handgun,173,292,293,449
armas (14).jpg,112,168,handgun,72,56,87,84
armas (147).jpg,158,235,handgun,29,88,101,212
armas (148).jpg,866,1300,handgun,458,729,753,1300
armas (149).jpg,866,1300,handgun,342,671,662,1252
armas (15).jpg,1300,866,handgun,188,128,1085,812
armas (150).jpg,450,298,handgun,204,1,285,93
armas (158).jpg,300,450,handgun,33,312,75,371
armas (16).jpg,340,450,handgun,255,19,280,65
armas (160).jpg,728,1024,handgun,49,317,191,472
armas (162).jpg,300,450,handgun,57,2,91,60
armas (163).jpg,864,1300,handgun,73,327,278,630
armas (164).jpg,1500,1120,handgun,440,532,518,722
armas (165).jpg,399,600,handgun,126,321,191,368
armas (166).jpg,485,300,handgun,102,12,371,274
armas (168).jpg,568,345,handgun,185,6,409,191
armas (169).jpg,2400,1485,handgun,1740,646,2281,964
armas (169).jpg,2400,1485,handgun,1753,1002,2347,1350
armas (169).jpg,2400,1485,handgun,1501,758,1841,1173
armas (17).jpg,1300,870,handgun,867,351,1132,530
armas (170).jpg,384,256,handgun,1,73,105,233
armas (170).jpg,384,256,handgun,63,64,216,211
armas (170).jpg,384,256,handgun,158,56,290,204
armas (170).jpg,384,256,handgun,234,46,384,182
armas (171).jpg,640,480,handgun,38,19,429,469
armas (172).jpg,320,240,handgun,229,169,318,223
armas (173).jpg,500,334,handgun,89,45,402,195
armas (174).jpg,640,360,handgun,212,104,260,140
armas (175).jpg,640,360,handgun,270,104,364,162
armas (177).jpg,620,330,handgun,184,88,277,251
armas (178).jpg,480,270,handgun,63,33,397,268
armas (179).jpg,980,552,handgun,177,1,864,481
armas (18).jpg,288,450,handgun,126,162,173,243
armas (182).jpg,460,259,handgun,162,118,208,147
armas (183).jpg,1024,576,handgun,74,22,1000,475
armas (184).jpg,634,718,handgun,386,170,490,286
armas (185).jpg,634,507,handgun,296,285,374,342
armas (186).jpg,876,493,handgun,143,31,687,462
armas (187).jpg,1300,861,handgun,960,281,1190,461
armas (188).jpg,876,493,handgun,210,2,649,465
armas (19).jpg,480,480,handgun,263,172,359,334
armas (191).jpg,962,639,handgun,165,315,377,436
armas (192).jpg,962,657,handgun,454,262,688,382
armas (192).jpg,962,657,handgun,383,498,537,589
armas (193).jpg,254,300,handgun,213,21,254,59
armas (196).jpg,670,366,handgun,342,149,378,185
armas (197).jpg,560,292,handgun,176,74,389,214
armas (198).jpg,550,413,handgun,20,192,95,270
armas (199).jpg,768,576,handgun,6,79,729,516
armas (2).jpg,259,194,handgun,19,78,147,166
armas (2).jpg,259,194,handgun,86,29,225,112
armas (20).jpg,1300,877,handgun,780,331,1095,602
armas (200).jpg,346,540,handgun,139,151,193,273
armas (201).jpg,1300,942,handgun,180,149,1045,747
armas (202).jpg,1006,1390,handgun,424,178,605,723
armas (203).jpg,615,405,handgun,30,15,586,310
armas (21).jpg,450,299,handgun,153,113,197,179
armas (211).jpg,728,481,handgun,320,188,411,365
armas (212).jpg,728,481,handgun,168,186,335,381
armas (213).jpg,728,481,handgun,285,202,567,412
armas (214).jpg,728,546,handgun,94,96,549,303
armas (215).jpg,728,546,handgun,263,131,327,279
armas (216).jpg,577,323,handgun,355,27,546,188
armas (217).jpg,660,437,handgun,166,199,546,412
armas (218).jpg,660,440,handgun,240,125,278,168
armas (218).jpg,660,440,handgun,67,98,89,123
armas (218).jpg,660,440,handgun,403,155,436,193
armas (218).jpg,660,440,handgun,573,92,613,126
armas (22).jpg,127,168,handgun,33,63,61,108
armas (224).jpg,5616,3744,handgun,1772,1452,3070,2102
armas (225).jpg,615,409,handgun,184,20,381,286
armas (226).jpg,1300,1065,handgun,653,563,740,729
armas (229).jpg,1800,1426,handgun,1025,559,1484,1156
armas (23).jpg,1300,866,handgun,313,61,1180,449
armas (230).jpg,1067,854,handgun,636,209,755,284
armas (232).jpg,434,578,handgun,289,189,330,234
armas (233).jpg,1600,974,handgun,449,698,590,786
armas (234).jpg,3000,1853,handgun,1462,310,3000,1413
armas (237).jpg,2560,1600,handgun,235,229,2539,1504
armas (238).jpg,1300,957,handgun,107,130,1101,797
armas (239).jpg,550,412,handgun,83,116,469,404
armas (24).jpg,662,440,handgun,355,63,634,284
armas (240).jpg,1132,1696,handgun,464,410,584,538
armas (241).jpg,620,457,handgun,275,145,327,179
armas (242).jpg,840,571,handgun,155,254,373,513
armas (243).jpg,700,525,handgun,160,177,426,297
armas (244).jpg,346,540,handgun,127,129,174,188
armas (245).jpg,320,240,handgun,77,7,309,138
armas (246).jpg,1608,1258,handgun,93,65,756,1177
armas (248).jpg,590,350,handgun,37,199,166,312
armas (249).jpg,432,324,handgun,198,119,260,165
armas (25).jpg,528,440,handgun,243,82,299,102
armas (251).jpg,634,458,handgun,374,156,502,248
armas (252).jpg,634,477,handgun,229,165,514,368
armas (253).jpg,634,322,handgun,127,86,239,143
armas (254).jpg,634,360,handgun,54,5,589,348
armas (255).jpg,634,850,handgun,10,10,415,610
armas (256).jpg,634,395,handgun,319,95,394,142
armas (258).jpg,468,446,handgun,50,38,120,128
armas (259).jpg,634,705,handgun,261,250,565,373
armas (26).jpg,450,424,handgun,38,12,127,241
armas (260).jpg,634,286,handgun,101,143,169,189
armas (260).jpg,634,286,handgun,267,130,319,168
armas (261).jpg,625,360,handgun,248,141,349,203
armas (262).jpg,634,403,handgun,122,44,544,211
armas (263).jpg,306,423,handgun,27,155,97,273
armas (264).jpg,306,423,handgun,248,163,306,337
armas (265).jpg,634,433,handgun,348,173,586,311
armas (267).jpg,640,345,handgun,13,11,634,316
armas (27).jpg,866,1300,handgun,57,371,172,652
armas (27).jpg,866,1300,handgun,703,411,832,680
armas (271).jpg,1280,720,handgun,123,163,1200,578
armas (272).jpg,2048,1160,handgun,493,553,882,944
armas (274).jpg,580,412,handgun,123,205,316,412
armas (275).jpg,346,540,handgun,41,1,271,272
armas (276).jpg,508,657,handgun,99,257,188,365
armas (277).jpg,1300,953,handgun,158,57,747,456
armas (278).jpg,468,312,handgun,42,3,235,312
armas (279).jpg,560,341,handgun,92,157,180,291
armas (279).jpg,560,341,handgun,374,142,447,290
armas (28).jpg,1300,866,handgun,173,180,1007,745
armas (29).jpg,866,1300,handgun,78,262,239,387
armas (3).jpg,1300,866,handgun,501,200,623,354
armas (30).jpg,866,1300,handgun,83,387,245,537
armas (31).jpg,1500,1121,handgun,722,300,1223,843
armas (32).jpg,919,1300,handgun,87,402,289,533
armas (33).jpg,967,1300,handgun,154,333,761,1238
armas (34).jpg,1300,1064,handgun,258,360,592,546
armas (35).jpg,1300,1097,handgun,619,388,735,586
armas (36).jpg,450,380,handgun,304,108,379,216
armas (37).jpg,301,450,handgun,176,106,295,233
armas (38).jpg,168,124,handgun,10,22,73,104
armas (38).jpg,168,124,handgun,99,27,168,100
armas (39).jpg,135,168,handgun,71,31,112,99
armas (4).jpg,600,431,handgun,33,163,160,230
armas (40).jpg,168,105,handgun,69,11,104,70
armas (40).jpg,168,105,handgun,133,27,149,48
armas (41).jpg,1500,1124,handgun,1135,247,1278,480
armas (42).jpg,660,440,handgun,162,103,327,190
armas (43).jpg,156,235,handgun,4,61,81,213
armas (44).jpg,1300,863,handgun,848,389,1125,734
armas (45).jpg,1300,912,handgun,576,171,970,692
armas (46).jpg,450,332,handgun,176,48,447,332
armas (47).jpg,866,1300,handgun,297,123,809,850
armas (48).jpg,450,328,handgun,164,27,416,139
armas (49).jpg,1300,866,handgun,657,169,1169,770
armas (5).jpg,1300,866,handgun,378,181,659,604
armas (5).jpg,1300,866,handgun,621,7,851,354
armas (50).jpg,299,450,handgun,133,174,217,359
armas (51).jpg,1300,866,handgun,760,247,1202,662
armas (52).jpg,450,299,handgun,91,166,187,233
armas (52).jpg,450,299,handgun,274,174,377,233
armas (53).jpg,113,168,handgun,26,55,113,106
armas (54).jpg,800,1200,handgun,580,574,704,741
armas (55).jpg,600,391,handgun,310,128,373,171
armas (56).jpg,2314,1467,handgun,1811,1092,2176,1239
armas (56).jpg,2314,1467,handgun,1714,1002,2036,1112
armas (56).jpg,2314,1467,handgun,1701,920,1970,1004
armas (56).jpg,2314,1467,handgun,2026,926,2236,996
armas (56).jpg,2314,1467,handgun,2086,1015,2314,1082
armas (56).jpg,2314,1467,handgun,2207,1106,2314,1186
armas (57).jpg,645,437,handgun,172,39,442,333
armas (58).jpg,1300,866,handgun,85,95,670,483
armas (59).jpg,256,192,handgun,28,22,244,172
armas (6).jpg,1114,741,handgun,286,191,917,613
armas (60).jpg,600,338,handgun,210,111,599,311
armas (60).jpg,600,338,handgun,303,26,600,125
armas (60).jpg,600,338,handgun,58,42,361,101
armas (60).jpg,600,338,handgun,1,95,305,240
armas (61).jpg,1300,866,handgun,488,60,949,577
armas (62).jpg,1300,1060,handgun,152,180,635,509
armas (62).jpg,1300,1060,handgun,678,178,1161,488
armas (62).jpg,1300,1060,handgun,107,582,770,876
armas (62).jpg,1300,1060,handgun,770,582,1157,878
armas (63).jpg,1300,940,handgun,723,291,932,617
armas (64).jpg,971,1300,handgun,21,504,386,1038
armas (65).jpg,1280,720,handgun,53,4,1252,720
armas (66).jpg,288,175,handgun,8,2,288,160
armas (67).jpg,450,300,handgun,322,213,351,272
armas (68).jpg,168,113,handgun,99,73,130,102
armas (69).jpg,168,113,handgun,74,63,92,84
armas (7).jpg,1300,1300,handgun,750,600,1020,1029
armas (70).jpg,168,113,handgun,101,34,130,55
armas (71).jpg,638,479,handgun,308,170,602,367
armas (72).jpg,113,168,handgun,36,50,74,122
armas (73).jpg,1001,1620,handgun,137,192,624,974
armas (74).jpg,640,360,handgun,357,111,385,135
armas (75).jpg,678,1024,handgun,221,263,520,968
armas (76).jpg,640,409,handgun,144,4,561,229
armas (77).jpg,1300,1300,handgun,48,279,1283,1131
armas (78).jpg,300,450,handgun,60,114,157,277
armas (79).jpg,113,168,handgun,26,65,47,102
armas (8).jpg,866,1300,handgun,664,366,866,463
armas (80).jpg,113,168,handgun,63,72,102,128
armas (81).jpg,113,168,handgun,26,73,54,129
armas (82).jpg,866,1300,handgun,153,433,321,855
armas (83).jpg,113,168,handgun,32,70,77,134
armas (84).jpg,450,295,handgun,5,86,88,160
armas (84).jpg,450,295,handgun,114,90,186,158
armas (84).jpg,450,295,handgun,202,104,268,164
armas (84).jpg,450,295,handgun,277,97,349,164
armas (84).jpg,450,295,handgun,364,99,445,157
armas (85).jpg,1300,867,handgun,82,97,329,329
armas (86).jpg,450,300,handgun,325,90,435,162
armas (87).jpg,1300,1108,handgun,834,58,1033,460
armas (88).jpg,199,132,handgun,63,27,104,92
armas (89).jpg,168,113,handgun,29,25,51,81
armas (9).jpg,866,1300,handgun,118,212,327,462
armas (90).jpg,270,186,handgun,2,5,248,179
armas (91).jpg,168,113,handgun,59,16,84,60
armas (92).jpg,112,168,handgun,19,13,41,49
armas (93).jpg,1300,867,handgun,75,281,183,436
armas (93).jpg,1300,867,handgun,314,253,393,361
armas (93).jpg,1300,867,handgun,583,275,732,485
armas (93).jpg,1300,867,handgun,842,278,949,435
armas (93).jpg,1300,867,handgun,1136,229,1240,414
armas (94).jpg,682,1024,handgun,186,259,249,372
armas (95).jpg,1300,867,handgun,18,168,601,512
armas (96).jpg,459,344,handgun,22,46,433,291
armas (97).jpg,400,267,handgun,149,40,343,135
armas (98).jpg,113,168,handgun,79,47,107,84
armas (99).jpg,1500,1564,handgun,935,382,1403,888
