<annotation>
	<folder>train</folder>
	<filename>armas (7).jpg</filename>
	<path>C:\tensorflow1\models\research\object_detection\images\train\armas (7).jpg</path>
	<source>
		<database>Unknown</database>
	</source>
	<size>
		<width>1300</width>
		<height>1300</height>
		<depth>3</depth>
	</size>
	<segmented>0</segmented>
	<object>
		<name>handgun</name>
		<pose>Unspecified</pose>
		<truncated>0</truncated>
		<difficult>0</difficult>
		<bndbox>
			<xmin>750</xmin>
			<ymin>600</ymin>
			<xmax>1020</xmax>
			<ymax>1029</ymax>
		</bndbox>
	</object>
</annotation>
