<annotation>
	<folder>train</folder>
	<filename>armas (97).jpg</filename>
	<path>C:\tensorflow1\models\research\object_detection\images\train\armas (97).jpg</path>
	<source>
		<database>Unknown</database>
	</source>
	<size>
		<width>400</width>
		<height>267</height>
		<depth>3</depth>
	</size>
	<segmented>0</segmented>
	<object>
		<name>handgun</name>
		<pose>Unspecified</pose>
		<truncated>0</truncated>
		<difficult>0</difficult>
		<bndbox>
			<xmin>149</xmin>
			<ymin>40</ymin>
			<xmax>343</xmax>
			<ymax>135</ymax>
		</bndbox>
	</object>
</annotation>
