<annotation>
	<folder>train</folder>
	<filename>armas (149).jpg</filename>
	<path>C:\tensorflow1\models\research\object_detection\images\train\armas (149).jpg</path>
	<source>
		<database>Unknown</database>
	</source>
	<size>
		<width>866</width>
		<height>1300</height>
		<depth>3</depth>
	</size>
	<segmented>0</segmented>
	<object>
		<name>handgun</name>
		<pose>Unspecified</pose>
		<truncated>0</truncated>
		<difficult>0</difficult>
		<bndbox>
			<xmin>342</xmin>
			<ymin>671</ymin>
			<xmax>662</xmax>
			<ymax>1252</ymax>
		</bndbox>
	</object>
</annotation>
