<annotation>
	<folder>train</folder>
	<filename>armas (68).jpg</filename>
	<path>C:\tensorflow1\models\research\object_detection\images\train\armas (68).jpg</path>
	<source>
		<database>Unknown</database>
	</source>
	<size>
		<width>168</width>
		<height>113</height>
		<depth>3</depth>
	</size>
	<segmented>0</segmented>
	<object>
		<name>handgun</name>
		<pose>Unspecified</pose>
		<truncated>0</truncated>
		<difficult>0</difficult>
		<bndbox>
			<xmin>99</xmin>
			<ymin>73</ymin>
			<xmax>130</xmax>
			<ymax>102</ymax>
		</bndbox>
	</object>
</annotation>
