<annotation>
	<folder>train</folder>
	<filename>armas (65).jpg</filename>
	<path>C:\tensorflow1\models\research\object_detection\images\train\armas (65).jpg</path>
	<source>
		<database>Unknown</database>
	</source>
	<size>
		<width>1280</width>
		<height>720</height>
		<depth>3</depth>
	</size>
	<segmented>0</segmented>
	<object>
		<name>handgun</name>
		<pose>Unspecified</pose>
		<truncated>1</truncated>
		<difficult>0</difficult>
		<bndbox>
			<xmin>53</xmin>
			<ymin>4</ymin>
			<xmax>1252</xmax>
			<ymax>720</ymax>
		</bndbox>
	</object>
</annotation>
