<annotation>
	<folder>train</folder>
	<filename>armas (104).jpg</filename>
	<path>C:\tensorflow1\models\research\object_detection\images\train\armas (104).jpg</path>
	<source>
		<database>Unknown</database>
	</source>
	<size>
		<width>450</width>
		<height>300</height>
		<depth>3</depth>
	</size>
	<segmented>0</segmented>
	<object>
		<name>handgun</name>
		<pose>Unspecified</pose>
		<truncated>0</truncated>
		<difficult>0</difficult>
		<bndbox>
			<xmin>90</xmin>
			<ymin>107</ymin>
			<xmax>184</xmax>
			<ymax>173</ymax>
		</bndbox>
	</object>
</annotation>
