<annotation>
	<folder>train</folder>
	<filename>armas (46).jpg</filename>
	<path>C:\tensorflow1\models\research\object_detection\images\train\armas (46).jpg</path>
	<source>
		<database>Unknown</database>
	</source>
	<size>
		<width>450</width>
		<height>332</height>
		<depth>3</depth>
	</size>
	<segmented>0</segmented>
	<object>
		<name>handgun</name>
		<pose>Unspecified</pose>
		<truncated>1</truncated>
		<difficult>0</difficult>
		<bndbox>
			<xmin>176</xmin>
			<ymin>48</ymin>
			<xmax>447</xmax>
			<ymax>332</ymax>
		</bndbox>
	</object>
</annotation>
