<annotation>
	<folder>train</folder>
	<filename>armas (36).jpg</filename>
	<path>C:\tensorflow1\models\research\object_detection\images\train\armas (36).jpg</path>
	<source>
		<database>Unknown</database>
	</source>
	<size>
		<width>450</width>
		<height>380</height>
		<depth>3</depth>
	</size>
	<segmented>0</segmented>
	<object>
		<name>handgun</name>
		<pose>Unspecified</pose>
		<truncated>0</truncated>
		<difficult>0</difficult>
		<bndbox>
			<xmin>304</xmin>
			<ymin>108</ymin>
			<xmax>379</xmax>
			<ymax>216</ymax>
		</bndbox>
	</object>
</annotation>
