<annotation>
	<folder>train</folder>
	<filename>armas (18).jpg</filename>
	<path>C:\tensorflow1\models\research\object_detection\images\train\armas (18).jpg</path>
	<source>
		<database>Unknown</database>
	</source>
	<size>
		<width>288</width>
		<height>450</height>
		<depth>3</depth>
	</size>
	<segmented>0</segmented>
	<object>
		<name>handgun</name>
		<pose>Unspecified</pose>
		<truncated>0</truncated>
		<difficult>0</difficult>
		<bndbox>
			<xmin>126</xmin>
			<ymin>162</ymin>
			<xmax>173</xmax>
			<ymax>243</ymax>
		</bndbox>
	</object>
</annotation>
