<annotation>
	<folder>train</folder>
	<filename>armas (87).jpg</filename>
	<path>C:\tensorflow1\models\research\object_detection\images\train\armas (87).jpg</path>
	<source>
		<database>Unknown</database>
	</source>
	<size>
		<width>1300</width>
		<height>1108</height>
		<depth>3</depth>
	</size>
	<segmented>0</segmented>
	<object>
		<name>handgun</name>
		<pose>Unspecified</pose>
		<truncated>0</truncated>
		<difficult>0</difficult>
		<bndbox>
			<xmin>834</xmin>
			<ymin>58</ymin>
			<xmax>1033</xmax>
			<ymax>460</ymax>
		</bndbox>
	</object>
</annotation>
