<annotation>
	<folder>train</folder>
	<filename>armas (99).jpg</filename>
	<path>C:\tensorflow1\models\research\object_detection\images\train\armas (99).jpg</path>
	<source>
		<database>Unknown</database>
	</source>
	<size>
		<width>1500</width>
		<height>1564</height>
		<depth>3</depth>
	</size>
	<segmented>0</segmented>
	<object>
		<name>handgun</name>
		<pose>Unspecified</pose>
		<truncated>0</truncated>
		<difficult>0</difficult>
		<bndbox>
			<xmin>935</xmin>
			<ymin>382</ymin>
			<xmax>1403</xmax>
			<ymax>888</ymax>
		</bndbox>
	</object>
</annotation>
