<annotation>
	<folder>train</folder>
	<filename>armas (234).jpg</filename>
	<path>C:\tensorflow1\models\research\object_detection\images\train\armas (234).jpg</path>
	<source>
		<database>Unknown</database>
	</source>
	<size>
		<width>3000</width>
		<height>1853</height>
		<depth>3</depth>
	</size>
	<segmented>0</segmented>
	<object>
		<name>handgun</name>
		<pose>Unspecified</pose>
		<truncated>1</truncated>
		<difficult>0</difficult>
		<bndbox>
			<xmin>1462</xmin>
			<ymin>310</ymin>
			<xmax>3000</xmax>
			<ymax>1413</ymax>
		</bndbox>
	</object>
</annotation>
