<annotation>
	<folder>train</folder>
	<filename>armas (263).jpg</filename>
	<path>C:\tensorflow1\models\research\object_detection\images\train\armas (263).jpg</path>
	<source>
		<database>Unknown</database>
	</source>
	<size>
		<width>306</width>
		<height>423</height>
		<depth>3</depth>
	</size>
	<segmented>0</segmented>
	<object>
		<name>handgun</name>
		<pose>Unspecified</pose>
		<truncated>0</truncated>
		<difficult>0</difficult>
		<bndbox>
			<xmin>27</xmin>
			<ymin>155</ymin>
			<xmax>97</xmax>
			<ymax>273</ymax>
		</bndbox>
	</object>
</annotation>
