<annotation>
	<folder>train</folder>
	<filename>armas (27).jpg</filename>
	<path>C:\tensorflow1\models\research\object_detection\images\train\armas (27).jpg</path>
	<source>
		<database>Unknown</database>
	</source>
	<size>
		<width>866</width>
		<height>1300</height>
		<depth>3</depth>
	</size>
	<segmented>0</segmented>
	<object>
		<name>handgun</name>
		<pose>Unspecified</pose>
		<truncated>0</truncated>
		<difficult>0</difficult>
		<bndbox>
			<xmin>57</xmin>
			<ymin>371</ymin>
			<xmax>172</xmax>
			<ymax>652</ymax>
		</bndbox>
	</object>
	<object>
		<name>handgun</name>
		<pose>Unspecified</pose>
		<truncated>0</truncated>
		<difficult>0</difficult>
		<bndbox>
			<xmin>703</xmin>
			<ymin>411</ymin>
			<xmax>832</xmax>
			<ymax>680</ymax>
		</bndbox>
	</object>
</annotation>
