<annotation>
	<folder>train</folder>
	<filename>armas (94).jpg</filename>
	<path>C:\tensorflow1\models\research\object_detection\images\train\armas (94).jpg</path>
	<source>
		<database>Unknown</database>
	</source>
	<size>
		<width>682</width>
		<height>1024</height>
		<depth>3</depth>
	</size>
	<segmented>0</segmented>
	<object>
		<name>handgun</name>
		<pose>Unspecified</pose>
		<truncated>0</truncated>
		<difficult>0</difficult>
		<bndbox>
			<xmin>186</xmin>
			<ymin>259</ymin>
			<xmax>249</xmax>
			<ymax>372</ymax>
		</bndbox>
	</object>
</annotation>
