<annotation>
	<folder>train</folder>
	<filename>armas (41).jpg</filename>
	<path>C:\tensorflow1\models\research\object_detection\images\train\armas (41).jpg</path>
	<source>
		<database>Unknown</database>
	</source>
	<size>
		<width>1500</width>
		<height>1124</height>
		<depth>3</depth>
	</size>
	<segmented>0</segmented>
	<object>
		<name>handgun</name>
		<pose>Unspecified</pose>
		<truncated>0</truncated>
		<difficult>0</difficult>
		<bndbox>
			<xmin>1135</xmin>
			<ymin>247</ymin>
			<xmax>1278</xmax>
			<ymax>480</ymax>
		</bndbox>
	</object>
</annotation>
