<annotation>
	<folder>train</folder>
	<filename>armas (276).jpg</filename>
	<path>C:\tensorflow1\models\research\object_detection\images\train\armas (276).jpg</path>
	<source>
		<database>Unknown</database>
	</source>
	<size>
		<width>508</width>
		<height>657</height>
		<depth>3</depth>
	</size>
	<segmented>0</segmented>
	<object>
		<name>handgun</name>
		<pose>Unspecified</pose>
		<truncated>0</truncated>
		<difficult>0</difficult>
		<bndbox>
			<xmin>99</xmin>
			<ymin>257</ymin>
			<xmax>188</xmax>
			<ymax>365</ymax>
		</bndbox>
	</object>
</annotation>
