<annotation>
	<folder>train</folder>
	<filename>armas (170).jpg</filename>
	<path>C:\tensorflow1\models\research\object_detection\images\train\armas (170).jpg</path>
	<source>
		<database>Unknown</database>
	</source>
	<size>
		<width>384</width>
		<height>256</height>
		<depth>3</depth>
	</size>
	<segmented>0</segmented>
	<object>
		<name>handgun</name>
		<pose>Unspecified</pose>
		<truncated>1</truncated>
		<difficult>0</difficult>
		<bndbox>
			<xmin>1</xmin>
			<ymin>73</ymin>
			<xmax>105</xmax>
			<ymax>233</ymax>
		</bndbox>
	</object>
	<object>
		<name>handgun</name>
		<pose>Unspecified</pose>
		<truncated>0</truncated>
		<difficult>0</difficult>
		<bndbox>
			<xmin>63</xmin>
			<ymin>64</ymin>
			<xmax>216</xmax>
			<ymax>211</ymax>
		</bndbox>
	</object>
	<object>
		<name>handgun</name>
		<pose>Unspecified</pose>
		<truncated>0</truncated>
		<difficult>0</difficult>
		<bndbox>
			<xmin>158</xmin>
			<ymin>56</ymin>
			<xmax>290</xmax>
			<ymax>204</ymax>
		</bndbox>
	</object>
	<object>
		<name>handgun</name>
		<pose>Unspecified</pose>
		<truncated>1</truncated>
		<difficult>0</difficult>
		<bndbox>
			<xmin>234</xmin>
			<ymin>46</ymin>
			<xmax>384</xmax>
			<ymax>182</ymax>
		</bndbox>
	</object>
</annotation>
