<annotation>
	<folder>train</folder>
	<filename>armas (178).jpg</filename>
	<path>C:\tensorflow1\models\research\object_detection\images\train\armas (178).jpg</path>
	<source>
		<database>Unknown</database>
	</source>
	<size>
		<width>480</width>
		<height>270</height>
		<depth>3</depth>
	</size>
	<segmented>0</segmented>
	<object>
		<name>handgun</name>
		<pose>Unspecified</pose>
		<truncated>0</truncated>
		<difficult>0</difficult>
		<bndbox>
			<xmin>63</xmin>
			<ymin>33</ymin>
			<xmax>397</xmax>
			<ymax>268</ymax>
		</bndbox>
	</object>
</annotation>
