<annotation>
	<folder>train</folder>
	<filename>armas (274).jpg</filename>
	<path>C:\tensorflow1\models\research\object_detection\images\train\armas (274).jpg</path>
	<source>
		<database>Unknown</database>
	</source>
	<size>
		<width>580</width>
		<height>412</height>
		<depth>3</depth>
	</size>
	<segmented>0</segmented>
	<object>
		<name>handgun</name>
		<pose>Unspecified</pose>
		<truncated>1</truncated>
		<difficult>0</difficult>
		<bndbox>
			<xmin>123</xmin>
			<ymin>205</ymin>
			<xmax>316</xmax>
			<ymax>412</ymax>
		</bndbox>
	</object>
</annotation>
