<annotation>
	<folder>train</folder>
	<filename>armas (275).jpg</filename>
	<path>C:\tensorflow1\models\research\object_detection\images\train\armas (275).jpg</path>
	<source>
		<database>Unknown</database>
	</source>
	<size>
		<width>346</width>
		<height>540</height>
		<depth>3</depth>
	</size>
	<segmented>0</segmented>
	<object>
		<name>handgun</name>
		<pose>Unspecified</pose>
		<truncated>1</truncated>
		<difficult>0</difficult>
		<bndbox>
			<xmin>41</xmin>
			<ymin>1</ymin>
			<xmax>271</xmax>
			<ymax>272</ymax>
		</bndbox>
	</object>
</annotation>
