<annotation>
	<folder>train</folder>
	<filename>armas (233).jpg</filename>
	<path>C:\tensorflow1\models\research\object_detection\images\train\armas (233).jpg</path>
	<source>
		<database>Unknown</database>
	</source>
	<size>
		<width>1600</width>
		<height>974</height>
		<depth>3</depth>
	</size>
	<segmented>0</segmented>
	<object>
		<name>handgun</name>
		<pose>Unspecified</pose>
		<truncated>0</truncated>
		<difficult>0</difficult>
		<bndbox>
			<xmin>449</xmin>
			<ymin>698</ymin>
			<xmax>590</xmax>
			<ymax>786</ymax>
		</bndbox>
	</object>
</annotation>
