<annotation>
	<folder>train</folder>
	<filename>armas (246).jpg</filename>
	<path>C:\tensorflow1\models\research\object_detection\images\train\armas (246).jpg</path>
	<source>
		<database>Unknown</database>
	</source>
	<size>
		<width>1608</width>
		<height>1258</height>
		<depth>3</depth>
	</size>
	<segmented>0</segmented>
	<object>
		<name>handgun</name>
		<pose>Unspecified</pose>
		<truncated>0</truncated>
		<difficult>0</difficult>
		<bndbox>
			<xmin>93</xmin>
			<ymin>65</ymin>
			<xmax>756</xmax>
			<ymax>1177</ymax>
		</bndbox>
	</object>
</annotation>
