<annotation>
	<folder>train</folder>
	<filename>armas (271).jpg</filename>
	<path>C:\tensorflow1\models\research\object_detection\images\train\armas (271).jpg</path>
	<source>
		<database>Unknown</database>
	</source>
	<size>
		<width>1280</width>
		<height>720</height>
		<depth>3</depth>
	</size>
	<segmented>0</segmented>
	<object>
		<name>handgun</name>
		<pose>Unspecified</pose>
		<truncated>0</truncated>
		<difficult>0</difficult>
		<bndbox>
			<xmin>123</xmin>
			<ymin>163</ymin>
			<xmax>1200</xmax>
			<ymax>578</ymax>
		</bndbox>
	</object>
</annotation>
