<annotation>
	<folder>train</folder>
	<filename>armas (89).jpg</filename>
	<path>C:\tensorflow1\models\research\object_detection\images\train\armas (89).jpg</path>
	<source>
		<database>Unknown</database>
	</source>
	<size>
		<width>168</width>
		<height>113</height>
		<depth>3</depth>
	</size>
	<segmented>0</segmented>
	<object>
		<name>handgun</name>
		<pose>Unspecified</pose>
		<truncated>0</truncated>
		<difficult>0</difficult>
		<bndbox>
			<xmin>29</xmin>
			<ymin>25</ymin>
			<xmax>51</xmax>
			<ymax>81</ymax>
		</bndbox>
	</object>
</annotation>
