<annotation>
	<folder>train</folder>
	<filename>armas (254).jpg</filename>
	<path>C:\tensorflow1\models\research\object_detection\images\train\armas (254).jpg</path>
	<source>
		<database>Unknown</database>
	</source>
	<size>
		<width>634</width>
		<height>360</height>
		<depth>3</depth>
	</size>
	<segmented>0</segmented>
	<object>
		<name>handgun</name>
		<pose>Unspecified</pose>
		<truncated>0</truncated>
		<difficult>0</difficult>
		<bndbox>
			<xmin>54</xmin>
			<ymin>5</ymin>
			<xmax>589</xmax>
			<ymax>348</ymax>
		</bndbox>
	</object>
</annotation>
