<annotation>
	<folder>train</folder>
	<filename>armas (62).jpg</filename>
	<path>C:\tensorflow1\models\research\object_detection\images\train\armas (62).jpg</path>
	<source>
		<database>Unknown</database>
	</source>
	<size>
		<width>1300</width>
		<height>1060</height>
		<depth>1</depth>
	</size>
	<segmented>0</segmented>
	<object>
		<name>handgun</name>
		<pose>Unspecified</pose>
		<truncated>0</truncated>
		<difficult>0</difficult>
		<bndbox>
			<xmin>152</xmin>
			<ymin>180</ymin>
			<xmax>635</xmax>
			<ymax>509</ymax>
		</bndbox>
	</object>
	<object>
		<name>handgun</name>
		<pose>Unspecified</pose>
		<truncated>0</truncated>
		<difficult>0</difficult>
		<bndbox>
			<xmin>678</xmin>
			<ymin>178</ymin>
			<xmax>1161</xmax>
			<ymax>488</ymax>
		</bndbox>
	</object>
	<object>
		<name>handgun</name>
		<pose>Unspecified</pose>
		<truncated>0</truncated>
		<difficult>0</difficult>
		<bndbox>
			<xmin>107</xmin>
			<ymin>582</ymin>
			<xmax>770</xmax>
			<ymax>876</ymax>
		</bndbox>
	</object>
	<object>
		<name>handgun</name>
		<pose>Unspecified</pose>
		<truncated>0</truncated>
		<difficult>0</difficult>
		<bndbox>
			<xmin>770</xmin>
			<ymin>582</ymin>
			<xmax>1157</xmax>
			<ymax>878</ymax>
		</bndbox>
	</object>
</annotation>
