<annotation>
	<folder>train</folder>
	<filename>armas (105).jpg</filename>
	<path>C:\tensorflow1\models\research\object_detection\images\train\armas (105).jpg</path>
	<source>
		<database>Unknown</database>
	</source>
	<size>
		<width>996</width>
		<height>1620</height>
		<depth>3</depth>
	</size>
	<segmented>0</segmented>
	<object>
		<name>handgun</name>
		<pose>Unspecified</pose>
		<truncated>0</truncated>
		<difficult>0</difficult>
		<bndbox>
			<xmin>168</xmin>
			<ymin>551</ymin>
			<xmax>729</xmax>
			<ymax>966</ymax>
		</bndbox>
	</object>
</annotation>
