<annotation>
	<folder>train</folder>
	<filename>armas (191).jpg</filename>
	<path>C:\tensorflow1\models\research\object_detection\images\train\armas (191).jpg</path>
	<source>
		<database>Unknown</database>
	</source>
	<size>
		<width>962</width>
		<height>639</height>
		<depth>3</depth>
	</size>
	<segmented>0</segmented>
	<object>
		<name>handgun</name>
		<pose>Unspecified</pose>
		<truncated>0</truncated>
		<difficult>0</difficult>
		<bndbox>
			<xmin>165</xmin>
			<ymin>315</ymin>
			<xmax>377</xmax>
			<ymax>436</ymax>
		</bndbox>
	</object>
</annotation>
