<annotation>
	<folder>train</folder>
	<filename>armas (169).jpg</filename>
	<path>C:\tensorflow1\models\research\object_detection\images\train\armas (169).jpg</path>
	<source>
		<database>Unknown</database>
	</source>
	<size>
		<width>2400</width>
		<height>1485</height>
		<depth>3</depth>
	</size>
	<segmented>0</segmented>
	<object>
		<name>handgun</name>
		<pose>Unspecified</pose>
		<truncated>0</truncated>
		<difficult>0</difficult>
		<bndbox>
			<xmin>1740</xmin>
			<ymin>646</ymin>
			<xmax>2281</xmax>
			<ymax>964</ymax>
		</bndbox>
	</object>
	<object>
		<name>handgun</name>
		<pose>Unspecified</pose>
		<truncated>0</truncated>
		<difficult>0</difficult>
		<bndbox>
			<xmin>1753</xmin>
			<ymin>1002</ymin>
			<xmax>2347</xmax>
			<ymax>1350</ymax>
		</bndbox>
	</object>
	<object>
		<name>handgun</name>
		<pose>Unspecified</pose>
		<truncated>0</truncated>
		<difficult>0</difficult>
		<bndbox>
			<xmin>1501</xmin>
			<ymin>758</ymin>
			<xmax>1841</xmax>
			<ymax>1173</ymax>
		</bndbox>
	</object>
</annotation>
