<annotation>
	<folder>train</folder>
	<filename>armas (71).jpg</filename>
	<path>C:\tensorflow1\models\research\object_detection\images\train\armas (71).jpg</path>
	<source>
		<database>Unknown</database>
	</source>
	<size>
		<width>638</width>
		<height>479</height>
		<depth>3</depth>
	</size>
	<segmented>0</segmented>
	<object>
		<name>handgun</name>
		<pose>Unspecified</pose>
		<truncated>0</truncated>
		<difficult>0</difficult>
		<bndbox>
			<xmin>308</xmin>
			<ymin>170</ymin>
			<xmax>602</xmax>
			<ymax>367</ymax>
		</bndbox>
	</object>
</annotation>
