<annotation>
	<folder>train</folder>
	<filename>armas (241).jpg</filename>
	<path>C:\tensorflow1\models\research\object_detection\images\train\armas (241).jpg</path>
	<source>
		<database>Unknown</database>
	</source>
	<size>
		<width>620</width>
		<height>457</height>
		<depth>3</depth>
	</size>
	<segmented>0</segmented>
	<object>
		<name>handgun</name>
		<pose>Unspecified</pose>
		<truncated>0</truncated>
		<difficult>0</difficult>
		<bndbox>
			<xmin>275</xmin>
			<ymin>145</ymin>
			<xmax>327</xmax>
			<ymax>179</ymax>
		</bndbox>
	</object>
</annotation>
