<annotation>
	<folder>train</folder>
	<filename>armas (119).jpg</filename>
	<path>C:\tensorflow1\models\research\object_detection\images\train\armas (119).jpg</path>
	<source>
		<database>Unknown</database>
	</source>
	<size>
		<width>1300</width>
		<height>919</height>
		<depth>3</depth>
	</size>
	<segmented>0</segmented>
	<object>
		<name>handgun</name>
		<pose>Unspecified</pose>
		<truncated>0</truncated>
		<difficult>0</difficult>
		<bndbox>
			<xmin>97</xmin>
			<ymin>391</ymin>
			<xmax>1153</xmax>
			<ymax>729</ymax>
		</bndbox>
	</object>
</annotation>
