<annotation>
	<folder>train</folder>
	<filename>armas (192).jpg</filename>
	<path>C:\tensorflow1\models\research\object_detection\images\train\armas (192).jpg</path>
	<source>
		<database>Unknown</database>
	</source>
	<size>
		<width>962</width>
		<height>657</height>
		<depth>3</depth>
	</size>
	<segmented>0</segmented>
	<object>
		<name>handgun</name>
		<pose>Unspecified</pose>
		<truncated>0</truncated>
		<difficult>0</difficult>
		<bndbox>
			<xmin>454</xmin>
			<ymin>262</ymin>
			<xmax>688</xmax>
			<ymax>382</ymax>
		</bndbox>
	</object>
	<object>
		<name>handgun</name>
		<pose>Unspecified</pose>
		<truncated>0</truncated>
		<difficult>0</difficult>
		<bndbox>
			<xmin>383</xmin>
			<ymin>498</ymin>
			<xmax>537</xmax>
			<ymax>589</ymax>
		</bndbox>
	</object>
</annotation>
