<annotation>
	<folder>train</folder>
	<filename>armas (109).jpg</filename>
	<path>C:\tensorflow1\models\research\object_detection\images\train\armas (109).jpg</path>
	<source>
		<database>Unknown</database>
	</source>
	<size>
		<width>685</width>
		<height>1024</height>
		<depth>3</depth>
	</size>
	<segmented>0</segmented>
	<object>
		<name>handgun</name>
		<pose>Unspecified</pose>
		<truncated>0</truncated>
		<difficult>0</difficult>
		<bndbox>
			<xmin>20</xmin>
			<ymin>203</ymin>
			<xmax>216</xmax>
			<ymax>508</ymax>
		</bndbox>
	</object>
</annotation>
