<annotation>
	<folder>train</folder>
	<filename>armas (199).jpg</filename>
	<path>C:\tensorflow1\models\research\object_detection\images\train\armas (199).jpg</path>
	<source>
		<database>Unknown</database>
	</source>
	<size>
		<width>768</width>
		<height>576</height>
		<depth>3</depth>
	</size>
	<segmented>0</segmented>
	<object>
		<name>handgun</name>
		<pose>Unspecified</pose>
		<truncated>0</truncated>
		<difficult>0</difficult>
		<bndbox>
			<xmin>6</xmin>
			<ymin>79</ymin>
			<xmax>729</xmax>
			<ymax>516</ymax>
		</bndbox>
	</object>
</annotation>
