<annotation>
	<folder>train</folder>
	<filename>armas (272).jpg</filename>
	<path>C:\tensorflow1\models\research\object_detection\images\train\armas (272).jpg</path>
	<source>
		<database>Unknown</database>
	</source>
	<size>
		<width>2048</width>
		<height>1160</height>
		<depth>3</depth>
	</size>
	<segmented>0</segmented>
	<object>
		<name>handgun</name>
		<pose>Unspecified</pose>
		<truncated>0</truncated>
		<difficult>0</difficult>
		<bndbox>
			<xmin>493</xmin>
			<ymin>553</ymin>
			<xmax>882</xmax>
			<ymax>944</ymax>
		</bndbox>
	</object>
</annotation>
