<annotation>
	<folder>train</folder>
	<filename>armas (131).jpg</filename>
	<path>C:\tensorflow1\models\research\object_detection\images\train\armas (131).jpg</path>
	<source>
		<database>Unknown</database>
	</source>
	<size>
		<width>1500</width>
		<height>1120</height>
		<depth>3</depth>
	</size>
	<segmented>0</segmented>
	<object>
		<name>handgun</name>
		<pose>Unspecified</pose>
		<truncated>0</truncated>
		<difficult>0</difficult>
		<bndbox>
			<xmin>267</xmin>
			<ymin>328</ymin>
			<xmax>606</xmax>
			<ymax>817</ymax>
		</bndbox>
	</object>
</annotation>
