<annotation>
	<folder>train</folder>
	<filename>armas (55).jpg</filename>
	<path>C:\tensorflow1\models\research\object_detection\images\train\armas (55).jpg</path>
	<source>
		<database>Unknown</database>
	</source>
	<size>
		<width>600</width>
		<height>391</height>
		<depth>3</depth>
	</size>
	<segmented>0</segmented>
	<object>
		<name>handgun</name>
		<pose>Unspecified</pose>
		<truncated>0</truncated>
		<difficult>0</difficult>
		<bndbox>
			<xmin>310</xmin>
			<ymin>128</ymin>
			<xmax>373</xmax>
			<ymax>171</ymax>
		</bndbox>
	</object>
</annotation>
