<annotation>
	<folder>train</folder>
	<filename>armas (2).jpg</filename>
	<path>C:\tensorflow1\models\research\object_detection\images\train\armas (2).jpg</path>
	<source>
		<database>Unknown</database>
	</source>
	<size>
		<width>259</width>
		<height>194</height>
		<depth>3</depth>
	</size>
	<segmented>0</segmented>
	<object>
		<name>handgun</name>
		<pose>Unspecified</pose>
		<truncated>0</truncated>
		<difficult>0</difficult>
		<bndbox>
			<xmin>19</xmin>
			<ymin>78</ymin>
			<xmax>147</xmax>
			<ymax>166</ymax>
		</bndbox>
	</object>
	<object>
		<name>handgun</name>
		<pose>Unspecified</pose>
		<truncated>0</truncated>
		<difficult>0</difficult>
		<bndbox>
			<xmin>86</xmin>
			<ymin>29</ymin>
			<xmax>225</xmax>
			<ymax>112</ymax>
		</bndbox>
	</object>
</annotation>
