<annotation>
	<folder>train</folder>
	<filename>armas (168).jpg</filename>
	<path>C:\tensorflow1\models\research\object_detection\images\train\armas (168).jpg</path>
	<source>
		<database>Unknown</database>
	</source>
	<size>
		<width>568</width>
		<height>345</height>
		<depth>3</depth>
	</size>
	<segmented>0</segmented>
	<object>
		<name>handgun</name>
		<pose>Unspecified</pose>
		<truncated>0</truncated>
		<difficult>0</difficult>
		<bndbox>
			<xmin>185</xmin>
			<ymin>6</ymin>
			<xmax>409</xmax>
			<ymax>191</ymax>
		</bndbox>
	</object>
</annotation>
