<annotation>
	<folder>train</folder>
	<filename>armas (4).jpg</filename>
	<path>C:\tensorflow1\models\research\object_detection\images\train\armas (4).jpg</path>
	<source>
		<database>Unknown</database>
	</source>
	<size>
		<width>600</width>
		<height>431</height>
		<depth>3</depth>
	</size>
	<segmented>0</segmented>
	<object>
		<name>handgun</name>
		<pose>Unspecified</pose>
		<truncated>0</truncated>
		<difficult>0</difficult>
		<bndbox>
			<xmin>33</xmin>
			<ymin>163</ymin>
			<xmax>160</xmax>
			<ymax>230</ymax>
		</bndbox>
	</object>
</annotation>
