<annotation>
	<folder>train</folder>
	<filename>armas (37).jpg</filename>
	<path>C:\tensorflow1\models\research\object_detection\images\train\armas (37).jpg</path>
	<source>
		<database>Unknown</database>
	</source>
	<size>
		<width>301</width>
		<height>450</height>
		<depth>3</depth>
	</size>
	<segmented>0</segmented>
	<object>
		<name>handgun</name>
		<pose>Unspecified</pose>
		<truncated>0</truncated>
		<difficult>0</difficult>
		<bndbox>
			<xmin>176</xmin>
			<ymin>106</ymin>
			<xmax>295</xmax>
			<ymax>233</ymax>
		</bndbox>
	</object>
</annotation>
