<annotation>
	<folder>train</folder>
	<filename>armas (96).jpg</filename>
	<path>C:\tensorflow1\models\research\object_detection\images\train\armas (96).jpg</path>
	<source>
		<database>Unknown</database>
	</source>
	<size>
		<width>459</width>
		<height>344</height>
		<depth>3</depth>
	</size>
	<segmented>0</segmented>
	<object>
		<name>handgun</name>
		<pose>Unspecified</pose>
		<truncated>0</truncated>
		<difficult>0</difficult>
		<bndbox>
			<xmin>22</xmin>
			<ymin>46</ymin>
			<xmax>433</xmax>
			<ymax>291</ymax>
		</bndbox>
	</object>
</annotation>
