<annotation>
	<folder>train</folder>
	<filename>armas (40).jpg</filename>
	<path>C:\tensorflow1\models\research\object_detection\images\train\armas (40).jpg</path>
	<source>
		<database>Unknown</database>
	</source>
	<size>
		<width>168</width>
		<height>105</height>
		<depth>3</depth>
	</size>
	<segmented>0</segmented>
	<object>
		<name>handgun</name>
		<pose>Unspecified</pose>
		<truncated>0</truncated>
		<difficult>0</difficult>
		<bndbox>
			<xmin>69</xmin>
			<ymin>11</ymin>
			<xmax>104</xmax>
			<ymax>70</ymax>
		</bndbox>
	</object>
	<object>
		<name>handgun</name>
		<pose>Unspecified</pose>
		<truncated>0</truncated>
		<difficult>0</difficult>
		<bndbox>
			<xmin>133</xmin>
			<ymin>27</ymin>
			<xmax>149</xmax>
			<ymax>48</ymax>
		</bndbox>
	</object>
</annotation>
