<annotation>
	<folder>train</folder>
	<filename>armas (264).jpg</filename>
	<path>C:\tensorflow1\models\research\object_detection\images\train\armas (264).jpg</path>
	<source>
		<database>Unknown</database>
	</source>
	<size>
		<width>306</width>
		<height>423</height>
		<depth>3</depth>
	</size>
	<segmented>0</segmented>
	<object>
		<name>handgun</name>
		<pose>Unspecified</pose>
		<truncated>1</truncated>
		<difficult>0</difficult>
		<bndbox>
			<xmin>248</xmin>
			<ymin>163</ymin>
			<xmax>306</xmax>
			<ymax>337</ymax>
		</bndbox>
	</object>
</annotation>
