<annotation>
	<folder>train</folder>
	<filename>armas (20).jpg</filename>
	<path>C:\tensorflow1\models\research\object_detection\images\train\armas (20).jpg</path>
	<source>
		<database>Unknown</database>
	</source>
	<size>
		<width>1300</width>
		<height>877</height>
		<depth>3</depth>
	</size>
	<segmented>0</segmented>
	<object>
		<name>handgun</name>
		<pose>Unspecified</pose>
		<truncated>0</truncated>
		<difficult>0</difficult>
		<bndbox>
			<xmin>780</xmin>
			<ymin>331</ymin>
			<xmax>1095</xmax>
			<ymax>602</ymax>
		</bndbox>
	</object>
</annotation>
