<annotation>
	<folder>train</folder>
	<filename>armas (115).jpg</filename>
	<path>C:\tensorflow1\models\research\object_detection\images\train\armas (115).jpg</path>
	<source>
		<database>Unknown</database>
	</source>
	<size>
		<width>680</width>
		<height>1024</height>
		<depth>3</depth>
	</size>
	<segmented>0</segmented>
	<object>
		<name>handgun</name>
		<pose>Unspecified</pose>
		<truncated>0</truncated>
		<difficult>0</difficult>
		<bndbox>
			<xmin>161</xmin>
			<ymin>388</ymin>
			<xmax>244</xmax>
			<ymax>522</ymax>
		</bndbox>
	</object>
</annotation>
