<annotation>
	<folder>train</folder>
	<filename>armas (137).jpg</filename>
	<path>C:\tensorflow1\models\research\object_detection\images\train\armas (137).jpg</path>
	<source>
		<database>Unknown</database>
	</source>
	<size>
		<width>168</width>
		<height>133</height>
		<depth>3</depth>
	</size>
	<segmented>0</segmented>
	<object>
		<name>handgun</name>
		<pose>Unspecified</pose>
		<truncated>0</truncated>
		<difficult>0</difficult>
		<bndbox>
			<xmin>72</xmin>
			<ymin>52</ymin>
			<xmax>116</xmax>
			<ymax>94</ymax>
		</bndbox>
	</object>
</annotation>
