<annotation>
	<folder>train</folder>
	<filename>armas (42).jpg</filename>
	<path>C:\tensorflow1\models\research\object_detection\images\train\armas (42).jpg</path>
	<source>
		<database>Unknown</database>
	</source>
	<size>
		<width>660</width>
		<height>440</height>
		<depth>3</depth>
	</size>
	<segmented>0</segmented>
	<object>
		<name>handgun</name>
		<pose>Unspecified</pose>
		<truncated>0</truncated>
		<difficult>0</difficult>
		<bndbox>
			<xmin>162</xmin>
			<ymin>103</ymin>
			<xmax>327</xmax>
			<ymax>190</ymax>
		</bndbox>
	</object>
</annotation>
