<annotation>
	<folder>train</folder>
	<filename>armas (101).jpg</filename>
	<path>C:\tensorflow1\models\research\object_detection\images\train\armas (101).jpg</path>
	<source>
		<database>Unknown</database>
	</source>
	<size>
		<width>1000</width>
		<height>1620</height>
		<depth>3</depth>
	</size>
	<segmented>0</segmented>
	<object>
		<name>handgun</name>
		<pose>Unspecified</pose>
		<truncated>0</truncated>
		<difficult>0</difficult>
		<bndbox>
			<xmin>169</xmin>
			<ymin>171</ymin>
			<xmax>345</xmax>
			<ymax>500</ymax>
		</bndbox>
	</object>
</annotation>
