<annotation>
	<folder>train</folder>
	<filename>armas (229).jpg</filename>
	<path>C:\tensorflow1\models\research\object_detection\images\train\armas (229).jpg</path>
	<source>
		<database>Unknown</database>
	</source>
	<size>
		<width>1800</width>
		<height>1426</height>
		<depth>3</depth>
	</size>
	<segmented>0</segmented>
	<object>
		<name>handgun</name>
		<pose>Unspecified</pose>
		<truncated>0</truncated>
		<difficult>0</difficult>
		<bndbox>
			<xmin>1025</xmin>
			<ymin>559</ymin>
			<xmax>1484</xmax>
			<ymax>1156</ymax>
		</bndbox>
	</object>
</annotation>
