<annotation>
	<folder>train</folder>
	<filename>armas (158).jpg</filename>
	<path>C:\tensorflow1\models\research\object_detection\images\train\armas (158).jpg</path>
	<source>
		<database>Unknown</database>
	</source>
	<size>
		<width>300</width>
		<height>450</height>
		<depth>3</depth>
	</size>
	<segmented>0</segmented>
	<object>
		<name>handgun</name>
		<pose>Unspecified</pose>
		<truncated>0</truncated>
		<difficult>0</difficult>
		<bndbox>
			<xmin>33</xmin>
			<ymin>312</ymin>
			<xmax>75</xmax>
			<ymax>371</ymax>
		</bndbox>
	</object>
</annotation>
