<annotation>
	<folder>train</folder>
	<filename>armas (197).jpg</filename>
	<path>C:\tensorflow1\models\research\object_detection\images\train\armas (197).jpg</path>
	<source>
		<database>Unknown</database>
	</source>
	<size>
		<width>560</width>
		<height>292</height>
		<depth>3</depth>
	</size>
	<segmented>0</segmented>
	<object>
		<name>handgun</name>
		<pose>Unspecified</pose>
		<truncated>0</truncated>
		<difficult>0</difficult>
		<bndbox>
			<xmin>176</xmin>
			<ymin>74</ymin>
			<xmax>389</xmax>
			<ymax>214</ymax>
		</bndbox>
	</object>
</annotation>
