<annotation>
	<folder>train</folder>
	<filename>armas (54).jpg</filename>
	<path>C:\tensorflow1\models\research\object_detection\images\train\armas (54).jpg</path>
	<source>
		<database>Unknown</database>
	</source>
	<size>
		<width>800</width>
		<height>1200</height>
		<depth>3</depth>
	</size>
	<segmented>0</segmented>
	<object>
		<name>handgun</name>
		<pose>Unspecified</pose>
		<truncated>0</truncated>
		<difficult>0</difficult>
		<bndbox>
			<xmin>580</xmin>
			<ymin>574</ymin>
			<xmax>704</xmax>
			<ymax>741</ymax>
		</bndbox>
	</object>
</annotation>
