<annotation>
	<folder>train</folder>
	<filename>armas (179).jpg</filename>
	<path>C:\tensorflow1\models\research\object_detection\images\train\armas (179).jpg</path>
	<source>
		<database>Unknown</database>
	</source>
	<size>
		<width>980</width>
		<height>552</height>
		<depth>3</depth>
	</size>
	<segmented>0</segmented>
	<object>
		<name>handgun</name>
		<pose>Unspecified</pose>
		<truncated>1</truncated>
		<difficult>0</difficult>
		<bndbox>
			<xmin>177</xmin>
			<ymin>1</ymin>
			<xmax>864</xmax>
			<ymax>481</ymax>
		</bndbox>
	</object>
</annotation>
