<annotation>
	<folder>train</folder>
	<filename>armas (230).jpg</filename>
	<path>C:\tensorflow1\models\research\object_detection\images\train\armas (230).jpg</path>
	<source>
		<database>Unknown</database>
	</source>
	<size>
		<width>1067</width>
		<height>854</height>
		<depth>3</depth>
	</size>
	<segmented>0</segmented>
	<object>
		<name>handgun</name>
		<pose>Unspecified</pose>
		<truncated>0</truncated>
		<difficult>0</difficult>
		<bndbox>
			<xmin>636</xmin>
			<ymin>209</ymin>
			<xmax>755</xmax>
			<ymax>284</ymax>
		</bndbox>
	</object>
</annotation>
