<annotation>
	<folder>train</folder>
	<filename>armas (13).jpg</filename>
	<path>C:\tensorflow1\models\research\object_detection\images\train\armas (13).jpg</path>
	<source>
		<database>Unknown</database>
	</source>
	<size>
		<width>1300</width>
		<height>906</height>
		<depth>1</depth>
	</size>
	<segmented>0</segmented>
	<object>
		<name>handgun</name>
		<pose>Unspecified</pose>
		<truncated>0</truncated>
		<difficult>0</difficult>
		<bndbox>
			<xmin>196</xmin>
			<ymin>269</ymin>
			<xmax>791</xmax>
			<ymax>532</ymax>
		</bndbox>
	</object>
</annotation>
