<annotation>
	<folder>train</folder>
	<filename>armas (173).jpg</filename>
	<path>C:\tensorflow1\models\research\object_detection\images\train\armas (173).jpg</path>
	<source>
		<database>Unknown</database>
	</source>
	<size>
		<width>500</width>
		<height>334</height>
		<depth>3</depth>
	</size>
	<segmented>0</segmented>
	<object>
		<name>handgun</name>
		<pose>Unspecified</pose>
		<truncated>0</truncated>
		<difficult>0</difficult>
		<bndbox>
			<xmin>89</xmin>
			<ymin>45</ymin>
			<xmax>402</xmax>
			<ymax>195</ymax>
		</bndbox>
	</object>
</annotation>
