<annotation>
	<folder>train</folder>
	<filename>armas (6).jpg</filename>
	<path>C:\tensorflow1\models\research\object_detection\images\train\armas (6).jpg</path>
	<source>
		<database>Unknown</database>
	</source>
	<size>
		<width>1114</width>
		<height>741</height>
		<depth>3</depth>
	</size>
	<segmented>0</segmented>
	<object>
		<name>handgun</name>
		<pose>Unspecified</pose>
		<truncated>0</truncated>
		<difficult>0</difficult>
		<bndbox>
			<xmin>286</xmin>
			<ymin>191</ymin>
			<xmax>917</xmax>
			<ymax>613</ymax>
		</bndbox>
	</object>
</annotation>
