<annotation>
	<folder>train</folder>
	<filename>armas (59).jpg</filename>
	<path>C:\tensorflow1\models\research\object_detection\images\train\armas (59).jpg</path>
	<source>
		<database>Unknown</database>
	</source>
	<size>
		<width>256</width>
		<height>192</height>
		<depth>3</depth>
	</size>
	<segmented>0</segmented>
	<object>
		<name>handgun</name>
		<pose>Unspecified</pose>
		<truncated>0</truncated>
		<difficult>0</difficult>
		<bndbox>
			<xmin>28</xmin>
			<ymin>22</ymin>
			<xmax>244</xmax>
			<ymax>172</ymax>
		</bndbox>
	</object>
</annotation>
