<annotation>
	<folder>train</folder>
	<filename>armas (129).jpg</filename>
	<path>C:\tensorflow1\models\research\object_detection\images\train\armas (129).jpg</path>
	<source>
		<database>Unknown</database>
	</source>
	<size>
		<width>299</width>
		<height>450</height>
		<depth>3</depth>
	</size>
	<segmented>0</segmented>
	<object>
		<name>handgun</name>
		<pose>Unspecified</pose>
		<truncated>0</truncated>
		<difficult>0</difficult>
		<bndbox>
			<xmin>149</xmin>
			<ymin>204</ymin>
			<xmax>281</xmax>
			<ymax>353</ymax>
		</bndbox>
	</object>
</annotation>
