<annotation>
	<folder>train</folder>
	<filename>armas (240).jpg</filename>
	<path>C:\tensorflow1\models\research\object_detection\images\train\armas (240).jpg</path>
	<source>
		<database>Unknown</database>
	</source>
	<size>
		<width>1132</width>
		<height>1696</height>
		<depth>3</depth>
	</size>
	<segmented>0</segmented>
	<object>
		<name>handgun</name>
		<pose>Unspecified</pose>
		<truncated>0</truncated>
		<difficult>0</difficult>
		<bndbox>
			<xmin>464</xmin>
			<ymin>410</ymin>
			<xmax>584</xmax>
			<ymax>538</ymax>
		</bndbox>
	</object>
</annotation>
