<annotation>
	<folder>train</folder>
	<filename>armas (202).jpg</filename>
	<path>C:\tensorflow1\models\research\object_detection\images\train\armas (202).jpg</path>
	<source>
		<database>Unknown</database>
	</source>
	<size>
		<width>1006</width>
		<height>1390</height>
		<depth>3</depth>
	</size>
	<segmented>0</segmented>
	<object>
		<name>handgun</name>
		<pose>Unspecified</pose>
		<truncated>0</truncated>
		<difficult>0</difficult>
		<bndbox>
			<xmin>424</xmin>
			<ymin>178</ymin>
			<xmax>605</xmax>
			<ymax>723</ymax>
		</bndbox>
	</object>
</annotation>
