<annotation>
	<folder>train</folder>
	<filename>armas (39).jpg</filename>
	<path>C:\tensorflow1\models\research\object_detection\images\train\armas (39).jpg</path>
	<source>
		<database>Unknown</database>
	</source>
	<size>
		<width>135</width>
		<height>168</height>
		<depth>3</depth>
	</size>
	<segmented>0</segmented>
	<object>
		<name>handgun</name>
		<pose>Unspecified</pose>
		<truncated>0</truncated>
		<difficult>0</difficult>
		<bndbox>
			<xmin>71</xmin>
			<ymin>31</ymin>
			<xmax>112</xmax>
			<ymax>99</ymax>
		</bndbox>
	</object>
</annotation>
