<annotation>
	<folder>train</folder>
	<filename>armas (182).jpg</filename>
	<path>C:\tensorflow1\models\research\object_detection\images\train\armas (182).jpg</path>
	<source>
		<database>Unknown</database>
	</source>
	<size>
		<width>460</width>
		<height>259</height>
		<depth>3</depth>
	</size>
	<segmented>0</segmented>
	<object>
		<name>handgun</name>
		<pose>Unspecified</pose>
		<truncated>0</truncated>
		<difficult>0</difficult>
		<bndbox>
			<xmin>162</xmin>
			<ymin>118</ymin>
			<xmax>208</xmax>
			<ymax>147</ymax>
		</bndbox>
	</object>
</annotation>
