<annotation>
	<folder>train</folder>
	<filename>armas (193).jpg</filename>
	<path>C:\tensorflow1\models\research\object_detection\images\train\armas (193).jpg</path>
	<source>
		<database>Unknown</database>
	</source>
	<size>
		<width>254</width>
		<height>300</height>
		<depth>3</depth>
	</size>
	<segmented>0</segmented>
	<object>
		<name>handgun</name>
		<pose>Unspecified</pose>
		<truncated>1</truncated>
		<difficult>0</difficult>
		<bndbox>
			<xmin>213</xmin>
			<ymin>21</ymin>
			<xmax>254</xmax>
			<ymax>59</ymax>
		</bndbox>
	</object>
</annotation>
