<annotation>
	<folder>train</folder>
	<filename>armas (56).jpg</filename>
	<path>C:\tensorflow1\models\research\object_detection\images\train\armas (56).jpg</path>
	<source>
		<database>Unknown</database>
	</source>
	<size>
		<width>2314</width>
		<height>1467</height>
		<depth>3</depth>
	</size>
	<segmented>0</segmented>
	<object>
		<name>handgun</name>
		<pose>Unspecified</pose>
		<truncated>0</truncated>
		<difficult>0</difficult>
		<bndbox>
			<xmin>1811</xmin>
			<ymin>1092</ymin>
			<xmax>2176</xmax>
			<ymax>1239</ymax>
		</bndbox>
	</object>
	<object>
		<name>handgun</name>
		<pose>Unspecified</pose>
		<truncated>0</truncated>
		<difficult>0</difficult>
		<bndbox>
			<xmin>1714</xmin>
			<ymin>1002</ymin>
			<xmax>2036</xmax>
			<ymax>1112</ymax>
		</bndbox>
	</object>
	<object>
		<name>handgun</name>
		<pose>Unspecified</pose>
		<truncated>0</truncated>
		<difficult>0</difficult>
		<bndbox>
			<xmin>1701</xmin>
			<ymin>920</ymin>
			<xmax>1970</xmax>
			<ymax>1004</ymax>
		</bndbox>
	</object>
	<object>
		<name>handgun</name>
		<pose>Unspecified</pose>
		<truncated>0</truncated>
		<difficult>0</difficult>
		<bndbox>
			<xmin>2026</xmin>
			<ymin>926</ymin>
			<xmax>2236</xmax>
			<ymax>996</ymax>
		</bndbox>
	</object>
	<object>
		<name>handgun</name>
		<pose>Unspecified</pose>
		<truncated>1</truncated>
		<difficult>0</difficult>
		<bndbox>
			<xmin>2086</xmin>
			<ymin>1015</ymin>
			<xmax>2314</xmax>
			<ymax>1082</ymax>
		</bndbox>
	</object>
	<object>
		<name>handgun</name>
		<pose>Unspecified</pose>
		<truncated>1</truncated>
		<difficult>0</difficult>
		<bndbox>
			<xmin>2207</xmin>
			<ymin>1106</ymin>
			<xmax>2314</xmax>
			<ymax>1186</ymax>
		</bndbox>
	</object>
</annotation>
