<annotation>
	<folder>train</folder>
	<filename>armas (124).jpg</filename>
	<path>C:\tensorflow1\models\research\object_detection\images\train\armas (124).jpg</path>
	<source>
		<database>Unknown</database>
	</source>
	<size>
		<width>1496</width>
		<height>1620</height>
		<depth>3</depth>
	</size>
	<segmented>0</segmented>
	<object>
		<name>handgun</name>
		<pose>Unspecified</pose>
		<truncated>0</truncated>
		<difficult>0</difficult>
		<bndbox>
			<xmin>259</xmin>
			<ymin>263</ymin>
			<xmax>1086</xmax>
			<ymax>883</ymax>
		</bndbox>
	</object>
</annotation>
