<annotation>
	<folder>train</folder>
	<filename>armas (203).jpg</filename>
	<path>C:\tensorflow1\models\research\object_detection\images\train\armas (203).jpg</path>
	<source>
		<database>Unknown</database>
	</source>
	<size>
		<width>615</width>
		<height>405</height>
		<depth>3</depth>
	</size>
	<segmented>0</segmented>
	<object>
		<name>handgun</name>
		<pose>Unspecified</pose>
		<truncated>0</truncated>
		<difficult>0</difficult>
		<bndbox>
			<xmin>30</xmin>
			<ymin>15</ymin>
			<xmax>586</xmax>
			<ymax>310</ymax>
		</bndbox>
	</object>
</annotation>
