<annotation>
	<folder>train</folder>
	<filename>armas (177).jpg</filename>
	<path>C:\tensorflow1\models\research\object_detection\images\train\armas (177).jpg</path>
	<source>
		<database>Unknown</database>
	</source>
	<size>
		<width>620</width>
		<height>330</height>
		<depth>3</depth>
	</size>
	<segmented>0</segmented>
	<object>
		<name>handgun</name>
		<pose>Unspecified</pose>
		<truncated>0</truncated>
		<difficult>0</difficult>
		<bndbox>
			<xmin>184</xmin>
			<ymin>88</ymin>
			<xmax>277</xmax>
			<ymax>251</ymax>
		</bndbox>
	</object>
</annotation>
