<annotation>
	<folder>train</folder>
	<filename>armas (232).jpg</filename>
	<path>C:\tensorflow1\models\research\object_detection\images\train\armas (232).jpg</path>
	<source>
		<database>Unknown</database>
	</source>
	<size>
		<width>434</width>
		<height>578</height>
		<depth>3</depth>
	</size>
	<segmented>0</segmented>
	<object>
		<name>handgun</name>
		<pose>Unspecified</pose>
		<truncated>0</truncated>
		<difficult>0</difficult>
		<bndbox>
			<xmin>289</xmin>
			<ymin>189</ymin>
			<xmax>330</xmax>
			<ymax>234</ymax>
		</bndbox>
	</object>
</annotation>
