<annotation>
	<folder>train</folder>
	<filename>armas (278).jpg</filename>
	<path>C:\tensorflow1\models\research\object_detection\images\train\armas (278).jpg</path>
	<source>
		<database>Unknown</database>
	</source>
	<size>
		<width>468</width>
		<height>312</height>
		<depth>3</depth>
	</size>
	<segmented>0</segmented>
	<object>
		<name>handgun</name>
		<pose>Unspecified</pose>
		<truncated>1</truncated>
		<difficult>0</difficult>
		<bndbox>
			<xmin>42</xmin>
			<ymin>3</ymin>
			<xmax>235</xmax>
			<ymax>312</ymax>
		</bndbox>
	</object>
</annotation>
