<annotation>
	<folder>train</folder>
	<filename>armas (130).jpg</filename>
	<path>C:\tensorflow1\models\research\object_detection\images\train\armas (130).jpg</path>
	<source>
		<database>Unknown</database>
	</source>
	<size>
		<width>450</width>
		<height>300</height>
		<depth>3</depth>
	</size>
	<segmented>0</segmented>
	<object>
		<name>handgun</name>
		<pose>Unspecified</pose>
		<truncated>0</truncated>
		<difficult>0</difficult>
		<bndbox>
			<xmin>116</xmin>
			<ymin>64</ymin>
			<xmax>233</xmax>
			<ymax>178</ymax>
		</bndbox>
	</object>
</annotation>
