<annotation>
	<folder>train</folder>
	<filename>armas (150).jpg</filename>
	<path>C:\tensorflow1\models\research\object_detection\images\train\armas (150).jpg</path>
	<source>
		<database>Unknown</database>
	</source>
	<size>
		<width>450</width>
		<height>298</height>
		<depth>3</depth>
	</size>
	<segmented>0</segmented>
	<object>
		<name>handgun</name>
		<pose>Unspecified</pose>
		<truncated>1</truncated>
		<difficult>0</difficult>
		<bndbox>
			<xmin>204</xmin>
			<ymin>1</ymin>
			<xmax>285</xmax>
			<ymax>93</ymax>
		</bndbox>
	</object>
</annotation>
