<annotation>
	<folder>train</folder>
	<filename>armas (224).jpg</filename>
	<path>C:\tensorflow1\models\research\object_detection\images\train\armas (224).jpg</path>
	<source>
		<database>Unknown</database>
	</source>
	<size>
		<width>5616</width>
		<height>3744</height>
		<depth>3</depth>
	</size>
	<segmented>0</segmented>
	<object>
		<name>handgun</name>
		<pose>Unspecified</pose>
		<truncated>0</truncated>
		<difficult>0</difficult>
		<bndbox>
			<xmin>1772</xmin>
			<ymin>1452</ymin>
			<xmax>3070</xmax>
			<ymax>2102</ymax>
		</bndbox>
	</object>
</annotation>
