<annotation>
	<folder>train</folder>
	<filename>armas (279).jpg</filename>
	<path>C:\tensorflow1\models\research\object_detection\images\train\armas (279).jpg</path>
	<source>
		<database>Unknown</database>
	</source>
	<size>
		<width>560</width>
		<height>341</height>
		<depth>3</depth>
	</size>
	<segmented>0</segmented>
	<object>
		<name>handgun</name>
		<pose>Unspecified</pose>
		<truncated>0</truncated>
		<difficult>0</difficult>
		<bndbox>
			<xmin>92</xmin>
			<ymin>157</ymin>
			<xmax>180</xmax>
			<ymax>291</ymax>
		</bndbox>
	</object>
	<object>
		<name>handgun</name>
		<pose>Unspecified</pose>
		<truncated>0</truncated>
		<difficult>0</difficult>
		<bndbox>
			<xmin>374</xmin>
			<ymin>142</ymin>
			<xmax>447</xmax>
			<ymax>290</ymax>
		</bndbox>
	</object>
</annotation>
