<annotation>
	<folder>train</folder>
	<filename>armas (242).jpg</filename>
	<path>C:\tensorflow1\models\research\object_detection\images\train\armas (242).jpg</path>
	<source>
		<database>Unknown</database>
	</source>
	<size>
		<width>840</width>
		<height>571</height>
		<depth>3</depth>
	</size>
	<segmented>0</segmented>
	<object>
		<name>handgun</name>
		<pose>Unspecified</pose>
		<truncated>0</truncated>
		<difficult>0</difficult>
		<bndbox>
			<xmin>155</xmin>
			<ymin>254</ymin>
			<xmax>373</xmax>
			<ymax>513</ymax>
		</bndbox>
	</object>
</annotation>
