<annotation>
	<folder>train</folder>
	<filename>armas (31).jpg</filename>
	<path>C:\tensorflow1\models\research\object_detection\images\train\armas (31).jpg</path>
	<source>
		<database>Unknown</database>
	</source>
	<size>
		<width>1500</width>
		<height>1121</height>
		<depth>3</depth>
	</size>
	<segmented>0</segmented>
	<object>
		<name>handgun</name>
		<pose>Unspecified</pose>
		<truncated>0</truncated>
		<difficult>0</difficult>
		<bndbox>
			<xmin>722</xmin>
			<ymin>300</ymin>
			<xmax>1223</xmax>
			<ymax>843</ymax>
		</bndbox>
	</object>
</annotation>
