<annotation>
	<folder>train</folder>
	<filename>armas (5).jpg</filename>
	<path>C:\tensorflow1\models\research\object_detection\images\train\armas (5).jpg</path>
	<source>
		<database>Unknown</database>
	</source>
	<size>
		<width>1300</width>
		<height>866</height>
		<depth>3</depth>
	</size>
	<segmented>0</segmented>
	<object>
		<name>handgun</name>
		<pose>Unspecified</pose>
		<truncated>0</truncated>
		<difficult>0</difficult>
		<bndbox>
			<xmin>378</xmin>
			<ymin>181</ymin>
			<xmax>659</xmax>
			<ymax>604</ymax>
		</bndbox>
	</object>
	<object>
		<name>handgun</name>
		<pose>Unspecified</pose>
		<truncated>0</truncated>
		<difficult>0</difficult>
		<bndbox>
			<xmin>621</xmin>
			<ymin>7</ymin>
			<xmax>851</xmax>
			<ymax>354</ymax>
		</bndbox>
	</object>
</annotation>
