<annotation>
	<folder>train</folder>
	<filename>armas (121).jpg</filename>
	<path>C:\tensorflow1\models\research\object_detection\images\train\armas (121).jpg</path>
	<source>
		<database>Unknown</database>
	</source>
	<size>
		<width>660</width>
		<height>440</height>
		<depth>3</depth>
	</size>
	<segmented>0</segmented>
	<object>
		<name>handgun</name>
		<pose>Unspecified</pose>
		<truncated>0</truncated>
		<difficult>0</difficult>
		<bndbox>
			<xmin>442</xmin>
			<ymin>157</ymin>
			<xmax>584</xmax>
			<ymax>254</ymax>
		</bndbox>
	</object>
</annotation>
