<annotation>
	<folder>train</folder>
	<filename>armas (238).jpg</filename>
	<path>C:\tensorflow1\models\research\object_detection\images\train\armas (238).jpg</path>
	<source>
		<database>Unknown</database>
	</source>
	<size>
		<width>1300</width>
		<height>957</height>
		<depth>3</depth>
	</size>
	<segmented>0</segmented>
	<object>
		<name>handgun</name>
		<pose>Unspecified</pose>
		<truncated>0</truncated>
		<difficult>0</difficult>
		<bndbox>
			<xmin>107</xmin>
			<ymin>130</ymin>
			<xmax>1101</xmax>
			<ymax>797</ymax>
		</bndbox>
	</object>
</annotation>
