<annotation>
	<folder>train</folder>
	<filename>armas (66).jpg</filename>
	<path>C:\tensorflow1\models\research\object_detection\images\train\armas (66).jpg</path>
	<source>
		<database>Unknown</database>
	</source>
	<size>
		<width>288</width>
		<height>175</height>
		<depth>3</depth>
	</size>
	<segmented>0</segmented>
	<object>
		<name>handgun</name>
		<pose>Unspecified</pose>
		<truncated>1</truncated>
		<difficult>0</difficult>
		<bndbox>
			<xmin>8</xmin>
			<ymin>2</ymin>
			<xmax>288</xmax>
			<ymax>160</ymax>
		</bndbox>
	</object>
</annotation>
