<annotation>
	<folder>train</folder>
	<filename>armas (24).jpg</filename>
	<path>C:\tensorflow1\models\research\object_detection\images\train\armas (24).jpg</path>
	<source>
		<database>Unknown</database>
	</source>
	<size>
		<width>662</width>
		<height>440</height>
		<depth>3</depth>
	</size>
	<segmented>0</segmented>
	<object>
		<name>handgun</name>
		<pose>Unspecified</pose>
		<truncated>0</truncated>
		<difficult>0</difficult>
		<bndbox>
			<xmin>355</xmin>
			<ymin>63</ymin>
			<xmax>634</xmax>
			<ymax>284</ymax>
		</bndbox>
	</object>
</annotation>
