<annotation>
	<folder>train</folder>
	<filename>armas (16).jpg</filename>
	<path>C:\tensorflow1\models\research\object_detection\images\train\armas (16).jpg</path>
	<source>
		<database>Unknown</database>
	</source>
	<size>
		<width>340</width>
		<height>450</height>
		<depth>3</depth>
	</size>
	<segmented>0</segmented>
	<object>
		<name>handgun</name>
		<pose>Unspecified</pose>
		<truncated>0</truncated>
		<difficult>0</difficult>
		<bndbox>
			<xmin>255</xmin>
			<ymin>19</ymin>
			<xmax>280</xmax>
			<ymax>65</ymax>
		</bndbox>
	</object>
</annotation>
