<annotation>
	<folder>train</folder>
	<filename>armas (237).jpg</filename>
	<path>C:\tensorflow1\models\research\object_detection\images\train\armas (237).jpg</path>
	<source>
		<database>Unknown</database>
	</source>
	<size>
		<width>2560</width>
		<height>1600</height>
		<depth>3</depth>
	</size>
	<segmented>0</segmented>
	<object>
		<name>handgun</name>
		<pose>Unspecified</pose>
		<truncated>0</truncated>
		<difficult>0</difficult>
		<bndbox>
			<xmin>235</xmin>
			<ymin>229</ymin>
			<xmax>2539</xmax>
			<ymax>1504</ymax>
		</bndbox>
	</object>
</annotation>
