<annotation>
	<folder>train</folder>
	<filename>armas (103).jpg</filename>
	<path>C:\tensorflow1\models\research\object_detection\images\train\armas (103).jpg</path>
	<source>
		<database>Unknown</database>
	</source>
	<size>
		<width>450</width>
		<height>300</height>
		<depth>3</depth>
	</size>
	<segmented>0</segmented>
	<object>
		<name>handgun</name>
		<pose>Unspecified</pose>
		<truncated>0</truncated>
		<difficult>0</difficult>
		<bndbox>
			<xmin>105</xmin>
			<ymin>77</ymin>
			<xmax>211</xmax>
			<ymax>151</ymax>
		</bndbox>
	</object>
</annotation>
