<annotation>
	<folder>train</folder>
	<filename>armas (78).jpg</filename>
	<path>C:\tensorflow1\models\research\object_detection\images\train\armas (78).jpg</path>
	<source>
		<database>Unknown</database>
	</source>
	<size>
		<width>300</width>
		<height>450</height>
		<depth>3</depth>
	</size>
	<segmented>0</segmented>
	<object>
		<name>handgun</name>
		<pose>Unspecified</pose>
		<truncated>0</truncated>
		<difficult>0</difficult>
		<bndbox>
			<xmin>60</xmin>
			<ymin>114</ymin>
			<xmax>157</xmax>
			<ymax>277</ymax>
		</bndbox>
	</object>
</annotation>
