<annotation>
	<folder>train</folder>
	<filename>armas (198).jpg</filename>
	<path>C:\tensorflow1\models\research\object_detection\images\train\armas (198).jpg</path>
	<source>
		<database>Unknown</database>
	</source>
	<size>
		<width>550</width>
		<height>413</height>
		<depth>3</depth>
	</size>
	<segmented>0</segmented>
	<object>
		<name>handgun</name>
		<pose>Unspecified</pose>
		<truncated>0</truncated>
		<difficult>0</difficult>
		<bndbox>
			<xmin>20</xmin>
			<ymin>192</ymin>
			<xmax>95</xmax>
			<ymax>270</ymax>
		</bndbox>
	</object>
</annotation>
