<annotation>
	<folder>train</folder>
	<filename>armas (249).jpg</filename>
	<path>C:\tensorflow1\models\research\object_detection\images\train\armas (249).jpg</path>
	<source>
		<database>Unknown</database>
	</source>
	<size>
		<width>432</width>
		<height>324</height>
		<depth>3</depth>
	</size>
	<segmented>0</segmented>
	<object>
		<name>handgun</name>
		<pose>Unspecified</pose>
		<truncated>0</truncated>
		<difficult>0</difficult>
		<bndbox>
			<xmin>198</xmin>
			<ymin>119</ymin>
			<xmax>260</xmax>
			<ymax>165</ymax>
		</bndbox>
	</object>
</annotation>
