<annotation>
	<folder>train</folder>
	<filename>armas (38).jpg</filename>
	<path>C:\tensorflow1\models\research\object_detection\images\train\armas (38).jpg</path>
	<source>
		<database>Unknown</database>
	</source>
	<size>
		<width>168</width>
		<height>124</height>
		<depth>3</depth>
	</size>
	<segmented>0</segmented>
	<object>
		<name>handgun</name>
		<pose>Unspecified</pose>
		<truncated>0</truncated>
		<difficult>0</difficult>
		<bndbox>
			<xmin>10</xmin>
			<ymin>22</ymin>
			<xmax>73</xmax>
			<ymax>104</ymax>
		</bndbox>
	</object>
	<object>
		<name>handgun</name>
		<pose>Unspecified</pose>
		<truncated>1</truncated>
		<difficult>0</difficult>
		<bndbox>
			<xmin>99</xmin>
			<ymin>27</ymin>
			<xmax>168</xmax>
			<ymax>100</ymax>
		</bndbox>
	</object>
</annotation>
