<annotation>
	<folder>train</folder>
	<filename>armas (165).jpg</filename>
	<path>C:\tensorflow1\models\research\object_detection\images\train\armas (165).jpg</path>
	<source>
		<database>Unknown</database>
	</source>
	<size>
		<width>399</width>
		<height>600</height>
		<depth>3</depth>
	</size>
	<segmented>0</segmented>
	<object>
		<name>handgun</name>
		<pose>Unspecified</pose>
		<truncated>0</truncated>
		<difficult>0</difficult>
		<bndbox>
			<xmin>126</xmin>
			<ymin>321</ymin>
			<xmax>191</xmax>
			<ymax>368</ymax>
		</bndbox>
	</object>
</annotation>
