<annotation>
	<folder>train</folder>
	<filename>armas (239).jpg</filename>
	<path>C:\tensorflow1\models\research\object_detection\images\train\armas (239).jpg</path>
	<source>
		<database>Unknown</database>
	</source>
	<size>
		<width>550</width>
		<height>412</height>
		<depth>3</depth>
	</size>
	<segmented>0</segmented>
	<object>
		<name>handgun</name>
		<pose>Unspecified</pose>
		<truncated>0</truncated>
		<difficult>0</difficult>
		<bndbox>
			<xmin>83</xmin>
			<ymin>116</ymin>
			<xmax>469</xmax>
			<ymax>404</ymax>
		</bndbox>
	</object>
</annotation>
