<annotation>
	<folder>train</folder>
	<filename>armas (248).jpg</filename>
	<path>C:\tensorflow1\models\research\object_detection\images\train\armas (248).jpg</path>
	<source>
		<database>Unknown</database>
	</source>
	<size>
		<width>590</width>
		<height>350</height>
		<depth>3</depth>
	</size>
	<segmented>0</segmented>
	<object>
		<name>handgun</name>
		<pose>Unspecified</pose>
		<truncated>0</truncated>
		<difficult>0</difficult>
		<bndbox>
			<xmin>37</xmin>
			<ymin>199</ymin>
			<xmax>166</xmax>
			<ymax>312</ymax>
		</bndbox>
	</object>
</annotation>
