<annotation>
	<folder>train</folder>
	<filename>armas (215).jpg</filename>
	<path>C:\tensorflow1\models\research\object_detection\images\train\armas (215).jpg</path>
	<source>
		<database>Unknown</database>
	</source>
	<size>
		<width>728</width>
		<height>546</height>
		<depth>3</depth>
	</size>
	<segmented>0</segmented>
	<object>
		<name>handgun</name>
		<pose>Unspecified</pose>
		<truncated>0</truncated>
		<difficult>0</difficult>
		<bndbox>
			<xmin>263</xmin>
			<ymin>131</ymin>
			<xmax>327</xmax>
			<ymax>279</ymax>
		</bndbox>
	</object>
</annotation>
