<annotation>
	<folder>train</folder>
	<filename>armas (265).jpg</filename>
	<path>C:\tensorflow1\models\research\object_detection\images\train\armas (265).jpg</path>
	<source>
		<database>Unknown</database>
	</source>
	<size>
		<width>634</width>
		<height>433</height>
		<depth>3</depth>
	</size>
	<segmented>0</segmented>
	<object>
		<name>handgun</name>
		<pose>Unspecified</pose>
		<truncated>0</truncated>
		<difficult>0</difficult>
		<bndbox>
			<xmin>348</xmin>
			<ymin>173</ymin>
			<xmax>586</xmax>
			<ymax>311</ymax>
		</bndbox>
	</object>
</annotation>
