<annotation>
	<folder>train</folder>
	<filename>armas (258).jpg</filename>
	<path>C:\tensorflow1\models\research\object_detection\images\train\armas (258).jpg</path>
	<source>
		<database>Unknown</database>
	</source>
	<size>
		<width>468</width>
		<height>446</height>
		<depth>3</depth>
	</size>
	<segmented>0</segmented>
	<object>
		<name>handgun</name>
		<pose>Unspecified</pose>
		<truncated>0</truncated>
		<difficult>0</difficult>
		<bndbox>
			<xmin>50</xmin>
			<ymin>38</ymin>
			<xmax>120</xmax>
			<ymax>128</ymax>
		</bndbox>
	</object>
</annotation>
