<annotation>
	<folder>train</folder>
	<filename>armas (52).jpg</filename>
	<path>C:\tensorflow1\models\research\object_detection\images\train\armas (52).jpg</path>
	<source>
		<database>Unknown</database>
	</source>
	<size>
		<width>450</width>
		<height>299</height>
		<depth>3</depth>
	</size>
	<segmented>0</segmented>
	<object>
		<name>handgun</name>
		<pose>Unspecified</pose>
		<truncated>0</truncated>
		<difficult>0</difficult>
		<bndbox>
			<xmin>91</xmin>
			<ymin>166</ymin>
			<xmax>187</xmax>
			<ymax>233</ymax>
		</bndbox>
	</object>
	<object>
		<name>handgun</name>
		<pose>Unspecified</pose>
		<truncated>0</truncated>
		<difficult>0</difficult>
		<bndbox>
			<xmin>274</xmin>
			<ymin>174</ymin>
			<xmax>377</xmax>
			<ymax>233</ymax>
		</bndbox>
	</object>
</annotation>
