<annotation>
	<folder>train</folder>
	<filename>armas (75).jpg</filename>
	<path>C:\tensorflow1\models\research\object_detection\images\train\armas (75).jpg</path>
	<source>
		<database>Unknown</database>
	</source>
	<size>
		<width>678</width>
		<height>1024</height>
		<depth>3</depth>
	</size>
	<segmented>0</segmented>
	<object>
		<name>handgun</name>
		<pose>Unspecified</pose>
		<truncated>0</truncated>
		<difficult>0</difficult>
		<bndbox>
			<xmin>221</xmin>
			<ymin>263</ymin>
			<xmax>520</xmax>
			<ymax>968</ymax>
		</bndbox>
	</object>
</annotation>
