<annotation>
	<folder>train</folder>
	<filename>armas (188).jpg</filename>
	<path>C:\tensorflow1\models\research\object_detection\images\train\armas (188).jpg</path>
	<source>
		<database>Unknown</database>
	</source>
	<size>
		<width>876</width>
		<height>493</height>
		<depth>3</depth>
	</size>
	<segmented>0</segmented>
	<object>
		<name>handgun</name>
		<pose>Unspecified</pose>
		<truncated>0</truncated>
		<difficult>0</difficult>
		<bndbox>
			<xmin>210</xmin>
			<ymin>2</ymin>
			<xmax>649</xmax>
			<ymax>465</ymax>
		</bndbox>
	</object>
</annotation>
