<annotation>
	<folder>train</folder>
	<filename>armas (172).jpg</filename>
	<path>C:\tensorflow1\models\research\object_detection\images\train\armas (172).jpg</path>
	<source>
		<database>Unknown</database>
	</source>
	<size>
		<width>320</width>
		<height>240</height>
		<depth>3</depth>
	</size>
	<segmented>0</segmented>
	<object>
		<name>handgun</name>
		<pose>Unspecified</pose>
		<truncated>0</truncated>
		<difficult>0</difficult>
		<bndbox>
			<xmin>229</xmin>
			<ymin>169</ymin>
			<xmax>318</xmax>
			<ymax>223</ymax>
		</bndbox>
	</object>
</annotation>
