<annotation>
	<folder>train</folder>
	<filename>armas (245).jpg</filename>
	<path>C:\tensorflow1\models\research\object_detection\images\train\armas (245).jpg</path>
	<source>
		<database>Unknown</database>
	</source>
	<size>
		<width>320</width>
		<height>240</height>
		<depth>3</depth>
	</size>
	<segmented>0</segmented>
	<object>
		<name>handgun</name>
		<pose>Unspecified</pose>
		<truncated>0</truncated>
		<difficult>0</difficult>
		<bndbox>
			<xmin>77</xmin>
			<ymin>7</ymin>
			<xmax>309</xmax>
			<ymax>138</ymax>
		</bndbox>
	</object>
</annotation>
