<annotation>
	<folder>train</folder>
	<filename>armas (243).jpg</filename>
	<path>C:\tensorflow1\models\research\object_detection\images\train\armas (243).jpg</path>
	<source>
		<database>Unknown</database>
	</source>
	<size>
		<width>700</width>
		<height>525</height>
		<depth>3</depth>
	</size>
	<segmented>0</segmented>
	<object>
		<name>handgun</name>
		<pose>Unspecified</pose>
		<truncated>0</truncated>
		<difficult>0</difficult>
		<bndbox>
			<xmin>160</xmin>
			<ymin>177</ymin>
			<xmax>426</xmax>
			<ymax>297</ymax>
		</bndbox>
	</object>
</annotation>
