<annotation>
	<folder>train</folder>
	<filename>armas (225).jpg</filename>
	<path>C:\tensorflow1\models\research\object_detection\images\train\armas (225).jpg</path>
	<source>
		<database>Unknown</database>
	</source>
	<size>
		<width>615</width>
		<height>409</height>
		<depth>3</depth>
	</size>
	<segmented>0</segmented>
	<object>
		<name>handgun</name>
		<pose>Unspecified</pose>
		<truncated>0</truncated>
		<difficult>0</difficult>
		<bndbox>
			<xmin>184</xmin>
			<ymin>20</ymin>
			<xmax>381</xmax>
			<ymax>286</ymax>
		</bndbox>
	</object>
</annotation>
