<annotation>
	<folder>train</folder>
	<filename>armas (76).jpg</filename>
	<path>C:\tensorflow1\models\research\object_detection\images\train\armas (76).jpg</path>
	<source>
		<database>Unknown</database>
	</source>
	<size>
		<width>640</width>
		<height>409</height>
		<depth>3</depth>
	</size>
	<segmented>0</segmented>
	<object>
		<name>handgun</name>
		<pose>Unspecified</pose>
		<truncated>0</truncated>
		<difficult>0</difficult>
		<bndbox>
			<xmin>144</xmin>
			<ymin>4</ymin>
			<xmax>561</xmax>
			<ymax>229</ymax>
		</bndbox>
	</object>
</annotation>
