<annotation>
	<folder>train</folder>
	<filename>armas (95).jpg</filename>
	<path>C:\tensorflow1\models\research\object_detection\images\train\armas (95).jpg</path>
	<source>
		<database>Unknown</database>
	</source>
	<size>
		<width>1300</width>
		<height>867</height>
		<depth>3</depth>
	</size>
	<segmented>0</segmented>
	<object>
		<name>handgun</name>
		<pose>Unspecified</pose>
		<truncated>0</truncated>
		<difficult>0</difficult>
		<bndbox>
			<xmin>18</xmin>
			<ymin>168</ymin>
			<xmax>601</xmax>
			<ymax>512</ymax>
		</bndbox>
	</object>
</annotation>
